username,message,time_counter
alice,What theme are we vibing with today Liven?,1
bob,Space-captain or cozy-café—what do you think?,1
chris,Also what tools power your stream setup?,2

alice,That was slick—can you explain the agent memory bit?,5
bob,How do you remember us without getting repetitive?,6
dan,Try calling out a few names naturally next time!,7

eve,If we go spacey, should music be ambient or punchy?,9
frank,Vote ambient here—soft pads please!,10
gina,What FPS/bitrate are you targeting for the visuals?,12

harry,Could the bot react to emotes in chat too?,13
ivy,Short witty reactions would be perfect!,15
jake,Keep responses under 2 sentences—it sounds clean.,16

alice,Cozy-café could be fun for longer chats.,17
bob,Yeah plus easier on our ears late-night.,18
chris,Can we test both back-to-back later?,19

eve,Any chance of polls to decide themes live?,21
frank,Do it! Quick 30-second polls would rock.,22
gina,Also drop a schedule so we can plan!,24
